Workbook

Sheet Health_Check
A1: Chapter | B1: KHMS Pillar | C1: Maturity Pillar | D1: Tool | E1: Question | F1: Score (%)
A2: Business Process Design | B2: Delivery | C2: Adoption | D2: SIPOC | E2: % processes with SIPOC created | F2: 10
A3: Business Process Design | B3: Delivery | C3: Discipline | D3: SIPOC | E3: % SIPOCs used in governance reviews | F3: 20
A4: Business Process Design | B4: Delivery | C4: Discipline | D4: SIPOC | E4: % teams trained on SIPOC | F4: 30
A5: Business Process Design | B5: Delivery | C5: Discipline | D5: SIPOC | E5: % SIPOCs stored in SharePoint | F5: 40
A6: Business Process Design | B6: Delivery | C6: Adoption | D6: SIPOC | E6: SIPOC reviewed on scope change | F6: 20
A7: Strategy Deployment | B7: Strategy | C7: Adoption | D7: KPI | E7: % KPIs defined with owner & target | F7: 30
A8: Strategy Deployment | B8: Strategy | C8: Discipline | D8: KPI | E8: % KPIs reviewed weekly | F8: 50
A9: Strategy Deployment | B9: Strategy | C9: Discipline | D9: KPI | E9: % KPI deviations leading to actions | F9: 70
A10: Strategy Deployment | B10: Strategy | C10: Discipline | D10: KPI | E10: % KPI reviews with RCA | F10: 80
A11: Strategy Deployment | B11: Strategy | C11: Stability | D11: KPI | E11: % KPIs consistently met | F11: 90
A12: Strategy Deployment | B12: Strategy | C12: Adoption | D12: KPI | E12: % scorecards updated on time | F12: 100
A13: Workforce Management | B13: People | C13: Adoption | D13: Backup | E13: % roles with backup defined | F13: 10
... A38: Daily Improvement | B38: Improvement | C38: Stability | D38: IPA | E38: % improvements sustained | F38: 100

Sheet List
A1: ADOPTION | M1: 10
A2: L1 | B2: L2 | C2: L3 | D2: L4 | E2: L5 | M2: 20
A3: <60% | B3: 60–80% | C3: 80–90% | D3: 90–100% | E3: Sustained + regularly updated | M3: 30
A4: coverage | B4: coverage | C4: coverage | M4: 40
M5: 50
A6: DISCIPLINE | M6: 60
A7: Level | B7: L1 | C7: L2 | D7: L3 | E7: L4 | F7: L5 | M7: 70
A8: Criteria | B8: <50% | C8: 50–70% | D8: 70–85% | E8: 85–95% | F8: >95% (self-driven) | M8: 80
J9: 60 | M9: 90
A10: PROBLEM SOLVING | J10: 95 | M10: 100
A11: Level | B11: L1 | C11: L2 | D11: L3 | E11: L4 | F11: L5 | J11: 100
A12: Criteria | B12: No structured problem solving | C12: Ad-hoc RCA | D12: Regular IPA, 60–75% closure | E12: >80% closure, recurrence reducing | F12: >90% closure, recurrence ↓ significantly
A14: STABILITY
A15: Level​ | B15: L1​ | C15: L2​ | D15: L3​ | E15: L4​ | F15: L5​
A16: Criteria​ | B16: SLA <70%, high errors​ | C16: SLA 70–80%​ | D16: SLA 80–90%​ | E16: SLA >90%, low escalations​ | F16: SLA >95%, very stable​

Sheet Dashboard
A1: KHMS Phase 1 – DASHBOARD
A3: OVERALL SUMMARY
A4: Overall Score | B4: =AVERAGE(Health_Check!F:F) -> 52.162162
A5: Status | B5: =IF(B4>=90,"STRONG",IF(B4>=70,"MODERATE","WEAK")) -> WEAK
A6: Phase 2 Ready | B6: =IF(B4>=70,"YES","NO") -> NO
A8: KHMS PILLAR MATURITY | E8: CHAPTER MATURITY
A9: Delivery | B9: =AVERAGEIF(Health_Check!B:B,"Delivery",Health_Check!F:F) -> 44 | C9: =IF(B9>=90,"STRONG",IF(B9>=70,"MODERATE","WEAK")) -> WEAK | E9: Business Process Design | F9: =IFERROR(AVERAGEIF(Health_Check!A:A,"Business Process Design",Health_Check!F:F),0) -> 24 | G9: =IF(F9>=90,"STRONG",IF(F9>=70,"MODERATE","WEAK")) -> WEAK
A10: Strategy | B10: =AVERAGEIF(Health_Check!B:B,"Strategy",Health_Check!F:F) -> 70 | C10: =IF(B10>=90,"STRONG",IF(B10>=70,"MODERATE","WEAK")) -> MODERATE | E10: Workforce Management | F10: =IFERROR(AVERAGEIF(Health_Check!A:A,"Workforce Management",Health_Check!F:F),0) -> 24 | G10: =IF(F10>=90,"STRONG",IF(F10>=70,"MODERATE","WEAK")) -> WEAK
A11: People | B11: =AVERAGEIF(Health_Check!B:B,"People",Health_Check!F:F) -> 24 | C11: =IF(B11>=90,"STRONG",IF(B11>=70,"MODERATE","WEAK")) -> WEAK | E11: Strategy Deployment | F11: =IFERROR(AVERAGEIF(Health_Check!A:A,"Strategy Deployment",Health_Check!F:F),0) -> 70 | G11: =IF(F11>=90,"STRONG",IF(F11>=70,"MODERATE","WEAK")) -> MODERATE
A12: Customer | B12: =AVERAGEIF(Health_Check!B:B,"Customer",Health_Check!F:F) -> 49.090909 | C12: =IF(B12>=90,"STRONG",IF(B12>=70,"MODERATE","WEAK")) -> WEAK | E12: Customer Dialogue Mgmt | F12: =IFERROR(AVERAGEIF(Health_Check!A:A,"Customer Dialogue Mgmt",Health_Check!F:F),0) -> 49.090909 | G12: =IF(F12>=90,"STRONG",IF(F12>=70,"MODERATE","WEAK")) -> WEAK
A13: Improvement | B13: =AVERAGEIF(Health_Check!B:B,"Improvement",Health_Check!F:F) -> 82 | C13: =IF(B13>=90,"STRONG",IF(B13>=70,"MODERATE","WEAK")) -> MODERATE | E13: Performance Management | F13: =IFERROR(AVERAGEIF(Health_Check!A:A,"Performance Management",Health_Check!F:F),0) -> 64 | G13: =IF(F13>=90,"STRONG",IF(F13>=70,"MODERATE","WEAK")) -> WEAK
E14: Daily Improvement | F14: =IFERROR(AVERAGEIF(Health_Check!A:A,"Daily Improvement",Health_Check!F:F),0) -> 82 | G14: =IF(F14>=90,"STRONG",IF(F14>=70,"MODERATE","WEAK")) -> MODERATE
A16: MATURITY DIMENSIONS | E16: KEY INSIGHTS
A17: Adoption | B17: =AVERAGEIF(Health_Check!C:C,"Adoption",Health_Check!F:F) -> 37 | C17: =IF(B17>=90,"STRONG",IF(B17>=70,"MODERATE","WEAK")) -> WEAK | E17: Weakest Pillar | F17: =INDEX(A9:A13, MATCH(MIN(B9:B13), B9:B13, 0)) -> People
A18: Discipline | B18: =AVERAGEIF(Health_Check!C:C,"Discipline",Health_Check!F:F) -> 45.384615 | C18: =IF(B18>=90,"STRONG",IF(B18>=70,"MODERATE","WEAK")) -> WEAK | E18: Weakest Chapter | F18: =INDEX(E9:E20, MATCH(MIN(F9:F20), F9:F20, 0)) -> #DIV/0!
A19: Problem Solving | B19: =AVERAGEIF(Health_Check!C:C,"Problem Solving",Health_Check!F:F) -> 76.666667 | C19: =IF(B19>=90,"STRONG",IF(B19>=70,"MODERATE","WEAK")) -> MODERATE | E19: Weakest Dimension | F19: =INDEX(A17:A20, MATCH(MIN(B17:B20), B17:B20, 0)) -> Adoption
A20: Stability | B20: =AVERAGEIF(Health_Check!C:C,"Stability",Health_Check!F:F) -> 63.75 | C20: =IF(B20>=90,"STRONG",IF(B20>=70,"MODERATE","WEAK")) -> WEAK
